t,p,q,r,ax,ay,az,roll_k,roll,pitch_k,pitch,yaw,vn,ve,vd,basinc,alt_hata,hiz_hata,ariza
0.1,-0.13,0.004,0.006,0.08825985,0.6668522,10.36562905,3.70999979973,3.02959799767,0.199999988079,-0.513939082623,-85.0208511353,1.6299059391,-13.0396442413,0.897937595844,98280.9020996,0.259999990463,-86.4143371582,False
0.2,-0.026,0.004,-0.047,0.32361945,0.30400615,10.002783,5.75,3.02959799767,0.159999996424,-0.513939082623,-85.0208511353,1.59549832344,-13.0452423096,0.863931417465,98282.5378418,0.359999984503,-78.0079803467,False
0.30000000000000004,0.061,0.005,-0.056,0.06864655,0.3334261,9.6301303,7.83999967575,1.20656323433,0.209999993443,-0.47313028574,-85.7563400269,1.53192591667,-13.0572977066,0.925029575825,98284.6374512,0.550000011921,-79.5969009399,False
0.4,0.061,0.005,-0.056,0.06864655,0.3334261,9.6301303,35.4899978638,1.20656323433,-1.43999993801,-0.47313028574,-85.7563400269,1.52447354794,-13.0700435638,0.934714317322,98284.6374512,0.659999966621,20.4030990601,False
0.5,0.79,-0.005,-0.135,0.18632635,0.392266,10.81673495,35.5799980164,1.20656323433,-2.8599998951,-0.47313028574,-85.7563400269,1.53243327141,-13.0709667206,0.861277401447,98284.9365234,0.659999966621,20.4030990601,False
0.6000000000000001,0.996,0.025,-0.115,0.00980665,0.34323275,9.79684335,35.5099983215,6.32606172562,-4.23000001907,-0.608088672161,-84.2490615845,1.66287660599,-13.0649423599,0.802856624126,98285.0280762,0.759999990463,21.701335907,False
0.7000000000000001,0.863,0.027,-0.093,-0.1372931,0.36284605,9.1790244,35.0999984741,6.32606172562,-5.53999996185,-0.608088672161,-84.2490615845,1.89814829826,-13.0145015717,0.864925742149,98289.453125,0.8599999547,21.701335907,False
0.8,0.713,0.009,-0.114,-0.22555295,0.18632635,10.3558224,34.5,6.32606172562,-6.7999997139,-0.608088672161,-84.2490615845,2.1768951416,-12.9522171021,0.973445415497,98284.765625,0.949999988079,17.0536994934,False
0.9,0.479,0.026,-0.087,-0.48052585,0.3726527,8.9044382,33.6599998474,6.32606172562,-8.03999996185,-0.608088672161,-84.2490615845,2.51790261269,-12.8708143234,1.10400629044,98285.760498,1.04999995232,17.0536994934,False
1.0,0.286,0.024,-0.093,-0.4903325,0.3334261,8.65927195,32.5999984741,6.32606172562,-9.30000019073,-0.608088672161,-84.2490615845,2.78052091599,-12.7957458496,1.26594495773,98285.760498,1.16999995708,21.6361045837,False
1.1,0.203,0.033,-0.106,-0.5099458,0.32361945,8.07087295,31.5100002289,27.3249378204,-10.5100002289,-2.28666591644,-81.4939651489,3.11905455589,-12.7033615112,1.50716733932,98285.760498,1.29999995232,21.6361045837,False
1.2000000000000002,0.066,0.011,-0.109,-0.5687857,0.36284605,7.67860695,30.3499984741,27.3249378204,-11.6899995804,-2.28666591644,-81.4939651489,3.50802326202,-12.5871429443,1.85787236691,98287.1398926,1.45999991894,26.3422012329,False
1.3,0.064,0.022,-0.124,-0.57859235,0.588399,8.5121722,29.1899986267,27.3249378204,-12.8299999237,-2.28666591644,-81.4939651489,3.78202080727,-12.5050506592,2.05505299568,98287.097168,1.63999998569,26.3422012329,False
1.4000000000000001,0.064,0.022,-0.124,-0.57859235,0.588399,8.5121722,27.9599990845,29.2233600616,-13.9299993515,-3.51277947426,-80.1285247803,4.10026025772,-12.4051456451,2.31238150597,98287.097168,1.83999991417,31.8713188171,False
1.5,-0.056,0.072,-0.218,-0.89240515,1.0983448,8.2179727,26.7399997711,29.2233600616,-15.0,-3.51277947426,-80.1285247803,4.40437650681,-12.3045568466,2.53474807739,98292.0227051,2.07999992371,31.8713188171,False
1.6,-0.073,0.093,-0.283,-0.9022118,0.91201845,8.3944924,25.5,29.2233600616,-16.0399990082,-3.51277947426,-80.1285247803,4.76302480698,-12.1807136536,2.8339984417,98292.8161621,2.32999992371,31.1231613159,False
1.7000000000000002,-0.194,0.116,-0.326,-1.0002783,0.83356525,8.34545915,24.2699985504,29.2233600616,-16.9799995422,-3.51277947426,-80.1285247803,5.00106048584,-12.1008148193,2.99971723557,98295.5993652,2.59999990463,31.1231613159,False
1.8,-0.201,0.13,-0.325,-1.22583125,0.81395195,6.8450417,23.0299987793,29.2233600616,-17.8899993896,-3.51277947426,-80.1285247803,5.27063798904,-12.007396698,3.24659848213,98300.5737305,2.88999986649,32.0240020752,False
1.9000000000000001,-0.201,0.13,-0.325,-1.22583125,0.81395195,6.8450417,21.7899990082,26.9297447205,-18.6499996185,-8.91626930237,-74.998085022,5.48306560516,-11.8861312866,3.82103562355,98300.5737305,3.21000003815,32.0240020752,False
2.0,0.035,0.107,-0.332,-1.3337044,0.5491724,6.42335575,20.9099998474,26.9297447205,-19.1000003815,-8.91626930237,-74.998085022,5.65824556351,-11.8052568436,4.15255355835,98303.90625,3.56999993324,30.6826591492,False
2.1,0.113,0.082,-0.301,-1.3533177,0.51975245,5.40346415,19.8299999237,26.9297447205,-19.4899997711,-8.91626930237,-74.998085022,5.77522659302,-11.7411804199,4.42921543121,98308.0688477,3.95999979973,30.6826591492,False
2.2,-0.135,0.066,-0.218,-1.3925443,0.08825985,6.67832865,18.7600002289,26.9297447205,-19.6700000763,-8.91626930237,-74.998085022,6.073802948,-11.5811195374,5.04144191742,98311.3464355,4.40999984741,30.2861213684,False
2.3000000000000003,-0.135,0.066,-0.218,-1.3925443,0.08825985,6.67832865,17.6700000763,26.9297447205,-19.7600002289,-8.91626930237,-74.998085022,6.31245946884,-11.4841709137,5.3787021637,98311.3464355,4.90000009537,30.2861213684,False
2.4000000000000004,-0.228,0.034,-0.16,-1.46119085,0.85317855,7.7668668,16.5299987793,24.7609710693,-19.75,-14.7925386429,-69.0269699097,6.59791040421,-11.3866014481,5.72360706329,98324.1943359,5.44000005722,32.5826644897,False
2.5,-0.217,0.024,-0.157,-1.5102241,1.1179581,8.2571993,15.4799995422,24.7609710693,-19.7199993134,-14.7925386429,-69.0269699097,6.79211091995,-11.3340873718,5.91031694412,98330.1757812,6.0,32.5826644897,False
2.6,-0.217,0.024,-0.157,-1.5102241,1.1179581,8.2571993,14.4699993134,24.7609710693,-19.6199989319,-14.7925386429,-69.0269699097,6.97207117081,-11.2936916351,6.06794214249,98330.1757812,6.58999967575,38.3503913879,False
2.7,-0.177,0.04,-0.152,-1.79461695,-0.0784532,8.5317855,13.5099992752,24.7609710693,-19.4799995422,-14.7925386429,-69.0269699097,7.2220697403,-11.2376308441,6.25130748749,98344.7631836,7.19999980927,38.3503913879,False
2.8000000000000003,-0.177,0.04,-0.152,-1.79461695,-0.0784532,8.5317855,12.4299993515,19.8887805939,-19.2700004578,-16.930311203,-66.1006851196,7.38061952591,-11.2011461258,6.34911727905,98344.7631836,7.83999967575,-50.6044387817,False
2.9000000000000004,-0.214,0.029,-0.124,-1.6671305,1.06892485,8.629852,11.3699998856,19.8887805939,-19.0599994659,-16.930311203,-66.1006851196,7.83752775192,-11.1496553421,6.62743186951,98358.7158203,8.47000026703,-50.6044387817,False
3.0,-0.213,0.029,-0.1,-1.8240369,0.4118793,8.6886919,10.4099998474,16.2065563202,-18.7999992371,-18.295124054,-63.8823204041,7.95578861237,-11.13834095,6.71531867981,98366.9189453,9.11999988556,-61.4725112915,False
3.1,-0.213,0.029,-0.1,-1.8240369,0.4118793,8.6886919,9.61999988556,16.2065563202,-18.4699993134,-18.295124054,-63.8823204041,8.22764110565,-11.1349802017,6.79051876068,98366.9189453,9.77999973297,-61.4725112915,False
3.2,-0.34,0.027,-0.126,-1.7848103,-0.06864655,10.4146623,8.85999965668,16.2065563202,-18.1599998474,-18.295124054,-63.8823204041,8.38091182709,-11.1682357788,6.71162509918,98375.3356934,10.4600000381,-85.83984375,False
3.3000000000000003,-0.166,0.012,-0.127,-1.89268345,1.0787315,10.8069283,7.69000005722,16.2065563202,-17.7299995422,-18.295124054,-63.8823204041,8.49789333344,-11.2010068893,6.67657470703,98390.1000977,11.7899999619,-96.9161987305,False
3.4000000000000004,-0.045,-0.025,-0.054,-2.04958985,0.14709975,11.1599677,7.69000005722,16.2065563202,-17.7299995422,-18.295124054,-63.8823204041,8.90937900543,-11.2881269455,6.48731374741,98399.6765137,11.7899999619,-96.9161987305,False
3.5,-0.097,-0.017,-0.021,-2.04958985,-0.10787315,11.40513395,7.05999994278,11.1542196274,-17.5599994659,-19.1813488007,-60.9017448425,9.09979724884,-11.3277301788,6.38603639603,98403.3508301,12.4399995804,-96.9161987305,False
3.6,0.034,0.001,-0.014,-2.08881645,0.1372931,9.2378643,6.42999982834,11.1542196274,-17.4099998474,-19.1813488007,-60.9017448425,9.35233783722,-11.3712177277,6.31711673737,98423.1018066,13.0699996948,-132.211120605,False
3.7,-0.02,-0.032,0.003,-2.0986231,0.0588399,10.07142955,5.83999967575,11.1542196274,-17.2199993134,-19.1813488007,-60.9017448425,9.53441429138,-11.3884429932,6.33082962036,98423.1018066,13.6999998093,-132.211120605,False
3.8000000000000003,-0.02,-0.032,0.003,-2.0986231,0.0588399,10.07142955,5.27999973297,11.1542196274,-17.0,-19.1813488007,-60.9017448425,9.63126468658,-11.3972969055,6.35840654373,98423.1018066,14.3099994659,-159.900482178,False
3.9000000000000004,-0.073,-0.052,0.04,-2.01036325,1.0198916,10.4146623,4.80999994278,10.5751647949,-16.7199993134,-18.9072608948,-60.4321632385,9.86611843109,-11.4649133682,6.29267835617,98435.8093262,14.9399995804,-159.900482178,False
4.0,-0.112,-0.054,-0.033,-1.7848103,0.77472535,12.0229529,4.40999984741,10.5751647949,-16.5,-18.9072608948,-60.4321632385,10.0169210434,-11.5171957016,6.17632484436,98444.909668,15.5599994659,-149.520492554,False
4.1000000000000005,-0.234,-0.027,-0.055,-1.75539035,0.38245935,11.2188076,4.0,10.5751647949,-16.2899990082,-18.9072608948,-60.4321632385,10.1769752502,-11.5903892517,6.04004478455,98451.6052246,16.1900005341,-149.520492554,False
4.2,-0.214,-0.023,-0.077,-1.91229675,-0.06864655,10.93441475,3.75999999046,7.74446630478,-16.1499996185,-18.2705039978,-59.9583244324,10.3209075928,-11.6871089935,5.89925479889,98456.8481445,16.7799987793,-175.73336792,False
4.3,-0.202,-0.065,-0.059,-1.9221034,0.9414384,11.1011278,3.61999988556,7.74446630478,-15.9799995422,-18.2705039978,-59.9583244324,10.400267601,-11.7513141632,5.84206771851,98474.1333008,17.3799991608,-175.73336792,False
4.4,-0.202,-0.065,-0.059,-1.9221034,0.9414384,11.1011278,3.55999994278,7.74446630478,-15.8499994278,-18.2705039978,-59.9583244324,10.4859790802,-11.8428506851,5.70399141312,98474.1333008,17.9499988556,-200.11138916,False
4.5,-0.066,0.009,-0.122,-1.9809433,0.16671305,10.3754357,3.62999987602,7.74446630478,-15.779999733,-18.2705039978,-59.9583244324,10.5655317307,-11.9749298096,5.53880691528,98479.8583984,18.5100002289,-200.11138916,False
4.6000000000000005,0.012,-0.025,-0.115,-1.9809433,0.57859235,9.58109705,3.81999993324,3.59741187096,-15.6999998093,-17.6831188202,-57.982624054,10.6183490753,-12.0483970642,5.52836418152,98486.7858887,19.0699996948,-225.063705444,False
4.7,0.051,-0.041,-0.096,-1.7848103,-0.2157463,10.0420096,3.83999991417,3.59741187096,-15.5399999619,-17.6831188202,-57.982624054,10.6744174957,-12.0939178467,5.50999879837,98492.0349121,19.609998703,-225.063705444,False
4.800000000000001,0.051,-0.041,-0.096,-1.7848103,-0.2157463,10.0420096,3.82999992371,3.61084389687,-15.3899993896,-17.4080982208,-56.4146156311,10.7233762741,-12.1568098068,5.49699831009,98492.0349121,20.1599998474,-250.133514404,False
4.9,0.138,-0.061,-0.041,-1.77500365,-0.3138128,11.6895268,3.83999991417,3.61084389687,-15.2199993134,-17.4080982208,-56.4146156311,10.8159770966,-12.1984987259,5.48370742798,98505.847168,20.7099990845,-250.133514404,False
5.0,0.138,-0.061,-0.041,-1.77500365,-0.3138128,11.6895268,3.61999988556,3.61084389687,-15.0999994278,-17.4080982208,-56.4146156311,10.930896759,-12.2681217194,5.35998916626,98505.847168,21.25,-261.672027588,False
5.1000000000000005,-0.113,-0.059,0.004,-1.8044236,0.4903325,11.66010685,3.53999996185,3.61084389687,-14.9699993134,-17.4080982208,-56.4146156311,10.9759187698,-12.2995729446,5.31157255173,98522.5524902,21.7899990082,-261.672027588,False
5.2,-0.155,0.01,-0.046,-1.85345685,0.20593965,7.40402075,3.50999999046,4.76191473007,-14.8899993896,-16.4400100708,-55.997379303,11.0398225784,-12.3580446243,5.31687927246,98525.3723145,22.3299999237,-277.120788574,False
5.300000000000001,-0.155,0.01,-0.046,-1.85345685,0.20593965,7.40402075,3.49000000954,4.76191473007,-14.6700000763,-16.4400100708,-55.997379303,11.0592746735,-12.3492012024,5.38935852051,98525.3723145,22.859998703,-277.120788574,False
5.4,0.208,-0.058,0.046,-1.87307015,-0.0980665,12.6113519,3.24000000954,4.76191473007,-14.4600000381,-16.4400100708,-55.997379303,11.1824884415,-12.3822975159,5.25111675262,98537.9577637,23.3999996185,-230.562210083,False
5.5,0.05,-0.038,0.11,-1.67693715,-0.7649187,10.16949605,2.34999990463,4.76191473007,-14.2199993134,-16.4400100708,-55.997379303,11.3509550095,-12.3682231903,5.19077110291,98544.152832,24.4699993134,-234.510421753,False
5.6000000000000005,0.089,-0.031,0.221,-1.8240369,-0.0392266,10.13026945,2.3599998951,4.76191473007,-14.2199993134,-16.4400100708,-55.997379303,11.4851703644,-12.3638744354,5.09628534317,98556.3049316,24.4699993134,-234.510421753,False
5.7,-0.031,-0.018,0.223,-1.8436502,1.16699135,7.5315072,1.86000001431,6.77455043793,-14.1099996567,-15.0807790756,-57.7407455444,11.5223178864,-12.3454170227,5.24894857407,98568.2495117,25.0,-234.510421753,False
5.800000000000001,-0.031,-0.018,0.223,-1.8436502,1.16699135,7.5315072,1.75999999046,6.77455043793,-12.5699996948,-15.0807790756,-57.7407455444,11.5166273117,-12.3718557358,5.28285074234,98568.2495117,25.5299987793,-263.512817383,False
5.9,-0.357,-0.034,-0.038,-1.6671305,0.8041453,10.87557485,1.87000000477,6.77455043793,-10.3299999237,-15.0807790756,-57.7407455444,11.5273132324,-12.4101104736,5.23432540894,98577.0141602,26.0699996948,-263.512817383,False
6.0,-0.357,-0.034,-0.038,-1.6671305,0.8041453,10.87557485,2.03999996185,6.77455043793,-8.22000026703,-15.0807790756,-57.7407455444,11.5243787766,-12.4989795685,5.11685752869,98577.0141602,26.5999984741,-268.116943359,False
6.1000000000000005,-0.145,-0.06,-0.165,-1.61809725,0.44129925,10.591182,2.29999995232,1.99452924728,-6.13999986649,-14.1517677307,-58.7874946594,11.5015964508,-12.5729370117,5.04795694351,98584.0454102,27.1499996185,-268.116943359,False
6.2,-0.218,-0.114,-0.173,-1.53964405,0.69627215,10.30678915,2.64999985695,1.99452924728,-4.11000013351,-14.1517677307,-58.7874946594,11.4741163254,-12.6367759705,5.02628803253,98586.1755371,27.6700000763,-272.185333252,False
6.300000000000001,-0.218,-0.143,-0.175,-1.2748645,0.26477955,9.9439431,3.07999992371,1.99452924728,-2.08999991417,-14.1517677307,-58.7874946594,11.4421625137,-12.7076225281,4.99607038498,98599.0112305,28.1899986267,-272.185333252,False
6.4,-0.17,-0.198,-0.182,-1.06892485,0.08825985,11.0815145,3.53999996185,1.99452924728,-0.109999999404,-14.1517677307,-58.7874946594,11.4070281982,-12.8226699829,4.92301177979,98602.2644043,28.7099990845,-280.593688965,False
6.5,-0.101,-0.233,-0.113,-0.83356525,-0.0392266,11.69933345,4.02999973297,1.99452924728,1.77999997139,-14.1517677307,-58.7874946594,11.393497467,-12.9150314331,4.81274700165,98610.0158691,29.2299995422,-280.593688965,False
6.6000000000000005,0.132,-0.26,-0.065,-0.42168595,-0.00980665,13.73911665,4.51999998093,-3.43173718452,3.58999991417,-10.6536436081,-54.65391922,11.3929233551,-13.0551023483,4.5542011261,98618.8964844,29.7399997711,-285.106658936,False
6.7,0.159,-0.261,0.033,-0.196133,-0.40207265,13.48414375,5.05999994278,-3.43173718452,5.17000007629,-10.6536436081,-54.65391922,11.4119825363,-13.1984624863,4.19637203217,98626.0620117,30.2199993134,-285.106658936,False
6.800000000000001,0.441,-0.31,0.097,0.2745862,1.94076469731e-15,15.8475464,5.30999994278,-3.43173718452,6.63999986649,-10.6536436081,-54.65391922,11.5001735687,-13.3163833618,3.74960255623,98635.6323242,30.6599998474,-298.543365479,False
6.9,0.271,-0.307,0.15,0.59820565,-0.00980665,15.73967325,5.48000001907,1.55815124512,7.98999977112,-4.43409633636,-55.0386810303,11.549993515,-13.4090299606,3.29844093323,98635.6323242,31.0900001526,-298.543365479,False
7.0,0.21,-0.303,0.151,0.61781895,0.38245935,15.9259996,5.46999979019,1.55815124512,9.09000015259,-4.43409633636,-55.0386810303,11.665394783,-13.468132019,2.61198091507,98646.484375,31.4499988556,-334.324066162,False
7.1000000000000005,0.173,-0.319,0.154,0.87279185,0.73549875,16.46536535,5.34999990463,1.55815124512,10.0500001907,-4.43409633636,-55.0386810303,11.7349309921,-13.4962911606,1.98107481003,98647.0825195,31.7699985504,-334.324066162,False
7.2,0.101,-0.328,0.08,1.0591182,0.75511205,17.40680375,5.17000007629,1.55815124512,10.7699995041,-4.43409633636,-55.0386810303,11.8250112534,-13.4830522537,1.07433688641,98662.5061035,32.0099983215,-274.420349121,False
7.300000000000001,0.136,-0.316,0.04,1.53964405,0.59820565,18.0246227,4.85999965668,1.55815124512,11.2699995041,-4.43409633636,-55.0386810303,11.8963260651,-13.4368963242,0.431984186172,98662.5061035,32.1899986267,-274.420349121,False
7.4,0.136,-0.316,0.04,1.53964405,0.59820565,18.0246227,4.31999969482,5.93099832535,11.5,3.72513437271,-57.4887466431,11.9291696548,-13.3730611801,-0.149702340364,98662.5061035,32.2799987793,-290.435211182,False
7.5,-0.049,-0.202,-0.062,1.26505785,0.8825985,15.8671597,3.8599998951,5.93099832535,11.5699996948,3.72513437271,-57.4887466431,11.9201154709,-13.2240390778,-1.16637444496,98660.5773926,32.2999992371,-290.435211182,False
7.6000000000000005,-0.163,-0.173,-0.132,1.38273765,0.7060788,12.8663248,3.48000001907,5.93099832535,11.4200000763,3.72513437271,-57.4887466431,11.8888378143,-13.1223125458,-1.61049079895,98660.8032227,32.2299995422,-289.989471436,False
7.7,0.012,-0.138,-0.186,1.3337044,0.40207265,12.160246,3.25,5.93099832535,11.4099998474,3.72513437271,-57.4887466431,11.8614292145,-13.0136613846,-1.89047181606,98664.5996094,32.1100006104,-289.989471436,False
7.800000000000001,0.012,-0.138,-0.186,1.3337044,0.40207265,12.160246,2.98000001907,5.45485258102,11.3999996185,8.47378444672,-55.4506225586,11.8417682648,-12.8848962784,-2.16185760498,98664.5996094,31.7799987793,-277.28729248,False
7.9,0.06,-0.161,-0.156,1.2552512,0.1372931,13.52337035,2.47000002861,5.45485258102,11.2199993134,8.47378444672,-55.4506225586,11.8431787491,-12.7864990234,-2.32037615776,98657.0007324,31.7799987793,-277.28729248,False
8.0,0.04,-0.113,-0.044,1.22583125,0.26477955,11.179581,1.81999993324,5.45485258102,11.0500001907,8.47378444672,-55.4506225586,11.8407621384,-12.528878212,-2.59397339821,98651.8493652,31.5900001526,-261.366271973,False
8.1,-0.134,-0.116,-0.014,1.2356379,0.22555295,12.69961175,1.28999996185,5.45485258102,10.8999996185,8.47378444672,-55.4506225586,11.8186388016,-12.2971954346,-3.0552175045,98652.7770996,31.1499996185,-232.137680054,False
8.200000000000001,0.028,-0.068,0.042,1.1375714,0.4511059,12.93497135,0.539999961853,6.90058517456,10.3800001144,11.8519611359,-53.3058204651,11.8012390137,-12.1117868423,-3.38309216499,98650.2685547,31.1499996185,-232.137680054,False
8.3,0.028,-0.068,0.042,1.1375714,0.4511059,12.93497135,-0.170000001788,6.90058517456,9.8499994278,11.8519611359,-53.3058204651,11.7567205429,-11.9388418198,-3.50336909294,98650.2685547,30.8799991608,-232.137680054,False
8.4,-0.215,-0.08,0.054,1.1964113,0.75511205,11.6895268,-0.599999964237,6.90058517456,9.36999988556,11.8519611359,-53.3058204651,11.710100174,-11.8012180328,-3.68513989449,98635.9741211,30.5799999237,-212.516021729,False
8.5,-0.284,0.017,-2.08189955855e-18,1.34351105,0.97085835,9.80665,-0.919999957085,6.90058517456,8.80000019073,11.8519611359,-53.3058204651,11.6030244827,-11.6676750183,-3.80092811584,98637.4755859,30.2699985504,-212.516021729,False
8.6,-0.284,0.017,-2.08189955855e-18,1.34351105,0.97085835,9.80665,-0.870000004768,3.5429880619,8.23999977112,12.9358940125,-53.9303283691,11.4829826355,-11.5801095963,-3.65057420731,98637.4755859,29.9299983978,-176.622955322,False
8.700000000000001,-0.252,0.035,-0.071,1.26505785,0.12748645,7.1784678,-0.829999983311,3.5429880619,7.83999967575,12.9358940125,-53.9303283691,11.4259853363,-11.5408964157,-3.42277216911,98624.1210938,29.609998703,-176.622955322,False
8.8,-0.034,0.026,-0.06,1.1964113,-0.2745862,8.40429905,-0.729999959469,3.5429880619,7.53999996185,12.9358940125,-53.9303283691,11.3585519791,-11.4921340942,-3.20321369171,98616.1621094,29.2999992371,-147.654144287,False
8.9,0.176,0.007,-0.04,1.28467115,-0.44129925,8.38468575,-0.699999988079,3.5429880619,7.23999977112,12.9358940125,-53.9303283691,11.3052759171,-11.4170732498,-3.07025027275,98614.0930176,29.0199985504,-147.654144287,False
9.0,-0.086,-0.006,0.052,1.26505785,0.5099458,9.5712904,-0.789999961853,0.153791606426,6.90999984741,12.034488678,-52.4846878052,11.2390470505,-11.356926918,-2.95024728775,98605.0354004,28.75,-132.705688477,False
9.1,-0.572,-0.034,0.077,1.57887065,0.980665,13.4743371,-0.699999988079,0.153791606426,6.57999992371,12.034488678,-52.4846878052,11.0432577133,-11.3062763214,-3.11428689957,98593.2189941,28.5,-132.705688477,False
9.200000000000001,-0.292,-0.024,0.072,1.87307015,1.14737805,19.3387138,-0.229999989271,0.153791606426,6.01999998093,12.034488678,-52.4846878052,10.7147426605,-11.2635955811,-3.78565430641,98593.7011719,28.2399997711,-120.665168762,False
9.3,-0.176,0.022,0.001,1.42196425,1.10815145,17.1420242,0.789999961853,0.153791606426,4.96999979019,12.034488678,-52.4846878052,10.3074932098,-11.2328863144,-4.57880687714,98593.7011719,27.9300003052,-120.665168762,False
9.4,0.127,0.102,-0.099,0.9414384,0.85317855,13.38607725,2.13999986649,-6.34989023209,3.6099998951,12.3236322403,-53.6654815674,9.95723056793,-11.2109699249,-4.9729514122,98593.4753418,27.5399990082,-96.2955474854,False
9.5,0.223,0.105,-0.094,0.67665885,-0.0980665,9.8851032,3.31999993324,-6.34989023209,2.38999986649,12.3236322403,-53.6654815674,9.79016017914,-11.1659507751,-5.05951118469,98583.5449219,27.0699996948,-96.2955474854,False
9.600000000000001,0.342,0.143,-0.02,0.588399,-0.3334261,7.5118939,3.84999990463,-6.34989023209,1.25999999046,12.3236322403,-53.6654815674,9.64153289795,-11.085477829,-4.89190864563,98577.0263672,26.5699996948,-42.537689209,False
9.700000000000001,0.374,0.163,0.027,0.6668522,-0.32361945,5.05042475,4.01999998093,-2.65041327477,0.280000001192,10.6457214355,-52.2793998718,9.59523010254,-11.0607967377,-4.51649904251,98566.6992188,26.0699996948,-42.537689209,False
9.8,0.374,0.163,0.027,0.6668522,-0.32361945,5.05042475,4.06999969482,-2.65041327477,-0.399999976158,10.6457214355,-52.2793998718,9.56278514862,-11.0584745407,-4.19203281403,98566.6992188,25.5999984741,-3.10668945312,False
9.9,0.575,0.183,0.013,0.588399,0.79433865,3.54020065,4.23000001907,-2.65041327477,-1.24000000954,10.6457214355,-52.2793998718,9.53475093842,-11.0416736603,-3.49119448662,98552.1789551,24.8400001526,2.96239852905,False
10.0,0.158,0.225,-0.027,0.3530394,0.1765197,4.5502856,4.23999977112,-2.65041327477,-1.24000000954,10.6457214355,-52.2793998718,9.51353931427,-10.9534511566,-2.79427218437,98549.7741699,24.8400001526,2.96239852905,False
10.100000000000001,-0.167,0.096,0.014,0.28439285,0.32361945,6.5704555,4.0499997139,6.46998357773,-1.53999996185,6.52219200134,-52.2198371887,9.52253818512,-10.8841867447,-2.50025868416,98540.8203125,24.5499992371,2.96239852905,False
10.200000000000001,-0.167,0.096,0.014,0.28439285,0.32361945,6.5704555,3.74000000954,6.46998357773,-1.79999995232,6.52219200134,-52.2198371887,9.52224731445,-10.8218402863,-2.13072609901,98540.8203125,24.2999992371,4.62665557861,False
10.3,-0.079,0.129,-0.008,0.06864655,0.6472389,8.40429905,3.54999995232,6.46998357773,-2.01999998093,6.52219200134,-52.2198371887,9.49058628082,-10.7372989655,-1.87143278122,98536.4501953,24.1000003815,4.62665557861,False
10.4,-0.079,0.129,-0.008,0.06864655,0.6472389,8.40429905,3.3599998951,6.46998357773,-2.29999995232,6.52219200134,-52.2198371887,9.48800945282,-10.7041549683,-1.83417761326,98536.4501953,23.9099998474,21.1191177368,False
10.5,-0.025,0.176,-0.034,0.26477955,0.2353596,6.8842683,3.19999980927,6.46998357773,-2.58999991417,6.52219200134,-52.2198371887,9.46988391876,-10.649479866,-1.55949890614,98530.7006836,23.7399997711,21.1191177368,False
10.600000000000001,0.06,0.215,-0.035,0.14709975,-0.22555295,1.569064,3.03999996185,4.5723772049,-2.72000002861,2.78838634491,-52.6595306396,9.4919757843,-10.5873861313,-0.917424976826,98530.4016113,23.5900001526,31.9003105164,False
10.700000000000001,0.183,0.006,-0.003,-0.0392266,-0.5099458,13.62143685,2.80999994278,4.5723772049,-2.5,2.78838634491,-52.6595306396,9.54276561737,-10.4976005554,-0.519099056721,98523.8586426,23.4799995422,31.9003105164,False
10.8,-0.062,-0.078,0.182,0.2157463,0.9022118,17.62255005,2.1099998951,4.5723772049,-2.54999995232,2.78838634491,-52.6595306396,9.61342525482,-10.3929719925,-1.14538693428,98523.8586426,23.4300003052,42.9689407349,False
10.9,-0.155,0.108,0.091,-0.1372931,0.42168595,7.16866115,1.55999994278,4.98530960083,-3.26999998093,1.01815021038,-53.4201545715,9.61352348328,-10.3192157745,-1.2886428833,98523.4985352,23.3299999237,42.9689407349,False
11.0,-0.155,0.108,0.091,-0.1372931,0.42168595,7.16866115,1.35000002384,4.98530960083,-3.58999991417,1.01815021038,-53.4201545715,9.57876586914,-10.2839031219,-0.832866132259,98523.4985352,23.1899986267,48.3936309814,False
11.100000000000001,-0.186,0.119,-0.006,-0.2549729,0.30400615,5.12887795,1.38999998569,4.98530960083,-3.59999990463,1.01815021038,-53.4201545715,9.56509780884,-10.2641744614,-0.399677425623,98521.7102051,23.0,63.4496688843,False
11.200000000000001,0.032,0.105,-0.019,-0.2941995,0.6472389,8.3552658,1.42999994755,4.98530960083,-3.55999994278,1.01815021038,-53.4201545715,9.55348205566,-10.2499399185,-0.28725990653,98516.583252,22.9499988556,63.4496688843,False
11.3,-0.05,0.151,-0.066,-0.2549729,0.61781895,5.491724,1.42999994755,2.37880086899,-3.55999994278,-1.33720123768,-53.87342453,9.49688339233,-10.2507419586,-0.00760297570378,98516.583252,22.9499988556,63.4496688843,False
11.4,-0.114,0.107,-0.116,-0.20593965,0.3530394,5.0013915,1.61000001431,2.37880086899,-3.37999987602,-1.33720123768,-53.87342453,9.47331619263,-10.2519712448,0.431866377592,98520.3674316,22.9300003052,64.8283004761,False
11.5,-0.114,0.107,-0.116,-0.20593965,0.3530394,5.0013915,1.63999998569,2.37880086899,-3.00999999046,-1.33720123768,-53.87342453,9.52399539948,-10.214512825,1.13908946514,98520.3674316,22.9599990845,64.8283004761,False
11.600000000000001,0.26,0.023,0.039,-0.20593965,-0.57859235,7.256921,1.23000001907,2.37880086899,-2.42999982834,-1.33720123768,-53.87342453,9.6009054184,-10.1618824005,1.58887529373,98515.2648926,23.0499992371,71.133895874,False
11.700000000000001,0.088,0.004,0.157,-0.3726527,0.18632635,9.3751574,0.729999959469,4.76556539536,-1.86000001431,-3.72425317764,-52.1779098511,9.70007324219,-10.1129951477,1.75714254379,98519.9768066,23.1899986267,71.133895874,False
11.8,0.38,-0.057,0.166,0.0392266,0.3334261,15.4356671,0.239999994636,4.76556539536,-1.44999992847,-3.72425317764,-52.1779098511,9.83989715576,-10.0549497604,1.4505764246,98523.2849121,23.359998703,76.4470062256,False
11.9,0.018,-0.179,0.153,0.65704555,0.7060788,20.8881645,-0.399999976158,4.76556539536,-1.31999993324,-3.72425317764,-52.1779098511,10.0685195923,-10.0252971649,0.474073410034,98522.0153809,23.5199985504,76.4470062256,False
12.0,-0.425,-0.152,0.2,0.85317855,0.2157463,19.1425808,-1.33999991417,4.76556539536,-1.82999992371,-3.72425317764,-52.1779098511,10.2731771469,-9.9777841568,-0.364509701729,98522.0153809,23.609998703,71.1110076904,False
12.100000000000001,-0.209,-0.07,0.167,0.4314926,0.04903325,16.48497865,-2.40999984741,7.44073200226,-2.61999988556,-1.66225636005,-55.0520744324,10.45403862,-9.92681694031,-1.22943842411,98525.9338379,23.5900001526,71.1110076904,False
12.200000000000001,-0.209,-0.07,0.167,0.4314926,0.04903325,16.48497865,-3.24000000954,7.44073200226,-3.56999993324,-1.66225636005,-55.0520744324,10.5209331512,-9.88233757019,-1.55218315125,98525.9338379,23.4499988556,61.4359855652,False
12.3,-0.309,0.017,0.184,-0.0588399,0.9414384,11.4541672,-3.65999984741,7.44073200226,-4.30999994278,-1.66225636005,-55.0520744324,10.5207328796,-9.84884357452,-1.79678595066,98525.1220703,23.2600002289,61.4359855652,False
12.4,-0.145,0.137,0.092,-0.4511059,0.59820565,6.5312289,-3.64999985695,7.44073200226,-5.06999969482,-1.66225636005,-55.0520744324,10.4858427048,-9.83315467834,-1.74310028553,98525.1220703,23.0199985504,34.3649864197,False
12.5,-0.145,0.137,0.092,-0.4511059,0.59820565,6.5312289,-3.52999997139,0.831701815128,-5.59999990463,-1.49993753433,-59.1587944031,10.3898048401,-9.855717659,-1.16955697536,98525.1220703,22.7799987793,34.3649864197,False
12.600000000000001,-0.414,0.085,-0.033,-0.4707192,0.980665,6.8254284,-3.14999985695,0.831701815128,-5.80999994278,-1.49993753433,-59.1587944031,10.2907514572,-9.88779354095,-0.878245294094,98516.0461426,22.5900001526,42.6024436951,False
12.700000000000001,-0.247,0.119,-0.115,-0.55897905,0.55897905,7.32556755,-2.53999996185,0.831701815128,-5.94000005722,-1.49993753433,-59.1587944031,10.1602325439,-9.93167591095,-0.558243155479,98518.560791,22.4599990845,42.6024436951,False
12.8,-0.018,0.115,-0.13,-0.53936575,0.3334261,6.080123,-1.84999990463,0.831701815128,-6.01999998093,-1.49993753433,-59.1587944031,10.0266475677,-9.9769449234,-0.247186377645,98513.9526367,22.3799991608,68.3862686157,False
12.9,-0.026,0.095,-0.105,-0.5099458,0.26477955,6.79600845,-1.25,0.831701815128,-5.98999977112,-1.49993753433,-59.1587944031,9.90414619446,-10.0258874893,0.0913340225816,98511.7736816,22.3299999237,68.3862686157,False
13.0,-0.026,0.095,-0.105,-0.5099458,0.26477955,6.79600845,-0.639999985695,-6.62042999268,-5.86999988556,-4.10558986664,-56.73254776,9.80994415283,-10.0639772415,0.32517901063,98511.7736816,22.3199996948,69.2234954834,False
13.100000000000001,0.157,-0.002,-0.061,-0.53936575,-0.0392266,9.7674234,-0.019999999553,-6.62042999268,-5.73000001907,-4.10558986664,-56.73254776,9.65966796875,-10.147605896,0.438298940659,98514.2333984,22.3400001526,69.2234954834,False
13.200000000000001,0.211,0.065,-0.011,-0.67665885,-0.14709975,8.05125965,0.689999997616,-6.62042999268,-5.67999982834,-4.10558986664,-56.73254776,9.55638122559,-10.2044200897,0.585552513599,98509.8754883,22.3799991608,68.7870025635,False
13.3,0.211,0.065,-0.011,-0.67665885,-0.14709975,8.05125965,1.16999995708,-4.30615997314,-5.56999969482,-4.8982462883,-55.736114502,9.51314544678,-10.2311143875,0.667544841766,98509.8754883,22.4200000763,68.7870025635,False
13.4,-0.108,0.026,0.139,-0.51975245,-0.04903325,8.4729456,1.48000001907,-4.30615997314,-5.44000005722,-4.8982462883,-55.736114502,9.4604177475,-10.2564687729,0.859933614731,98515.8935547,22.4799995422,76.0824203491,False
13.5,0.085,0.028,0.155,-0.588399,-0.0784532,7.93357985,1.76999998093,-4.30615997314,-5.23000001907,-4.8982462883,-55.736114502,9.421002388,-10.2846851349,1.03483474255,98515.8935547,22.5399990082,76.0824203491,False
13.600000000000001,0.072,0.038,0.156,-0.44129925,-0.5295591,7.7276402,2.20000004768,-3.22787046432,-4.65000009537,-5.90182304382,-58.1577224731,9.39729595184,-10.3187665939,1.22009384632,98516.998291,22.7399997711,75.6457366943,False
13.700000000000001,0.063,2.86567351e-17,0.234,-0.5099458,0.30400615,9.69877685,2.19000005722,-3.22787046432,-4.65000009537,-5.90182304382,-58.1577224731,9.36091709137,-10.3559894562,1.44397306442,98514.666748,22.7399997711,75.6457366943,False
13.8,0.063,2.86567351e-17,0.234,-0.5099458,0.30400615,9.69877685,2.5,-3.22787046432,-4.31999969482,-5.90182304382,-58.1577224731,9.3308839798,-10.4001808167,1.45433449745,98514.666748,22.8799991608,78.1267166138,False
13.9,0.027,0.014,0.124,-0.30400615,0.46091255,8.87501825,3.04999995232,-2.49724030495,-4.07999992371,-6.08130931854,-61.3846321106,9.20645332336,-10.5448112488,1.51390635967,98522.7111816,23.0100002289,78.1267166138,False
14.0,0.027,0.014,0.124,-0.30400615,0.46091255,8.87501825,3.67999982834,-2.49724030495,-3.79999995232,-6.08130931854,-61.3846321106,9.15220546722,-10.5937213898,1.57917189598,98522.7111816,23.1399993896,78.3076324463,False
14.100000000000001,0.164,0.039,-0.025,-0.32361945,0.87279185,8.56120545,4.30999994278,-2.49724030495,-3.44999980927,-6.08130931854,-61.3846321106,9.02511882782,-10.7348976135,1.77067577839,98527.34375,23.2899990082,78.3076324463,False
14.200000000000001,0.305,0.048,-0.154,-0.26477955,0.6080123,7.0804013,5.00999975204,-2.49724030495,-3.05999994278,-6.08130931854,-61.3846321106,8.9337272644,-10.822145462,2.09053778648,98527.34375,23.4499988556,73.561668396,False
14.3,0.249,0.02,-0.213,-0.24516625,0.5295591,6.56064885,5.65999984741,-2.49724030495,-2.48000001907,-6.08130931854,-61.3846321106,8.89469146729,-10.8877096176,2.44883918762,98525.6530762,23.6299991608,73.561668396,False
14.4,0.32,-0.02,-0.213,-0.30400615,0.2745862,7.3353742,6.03999996185,1.84446334839,-1.76999998093,-7.18999862671,-59.7762794495,8.88946723938,-10.9344882965,2.71279287338,98525.6530762,23.8500003815,77.5421142578,False
14.5,0.32,-0.02,-0.213,-0.30400615,0.2745862,7.3353742,6.25,1.84446334839,-1.00999999046,-7.18999862671,-59.7762794495,8.92026519775,-10.9689207077,2.97005152702,98525.6530762,24.1000003815,77.5421142578,False
14.600000000000001,0.144,-0.067,-0.16,-0.02941995,-0.2745862,8.3748791,6.19999980927,1.84446334839,-0.209999993443,-7.18999862671,-59.7762794495,9.00360488892,-10.9985389709,3.13872432709,98535.9924316,24.3899993896,76.2820281982,False
14.700000000000001,-0.175,-0.139,-0.001,-0.04903325,-0.0784532,11.30706745,5.98000001907,1.84446334839,0.52999997139,-7.18999862671,-59.7762794495,9.11916160583,-11.0400657654,3.1143257618,98545.0134277,24.6999988556,76.2820281982,False
14.8,-0.081,-0.194,0.05,0.30400615,-0.0588399,12.1994726,5.71999979019,1.84446334839,1.17999994755,-7.18999862671,-59.7762794495,9.23113441467,-11.0898694992,2.94047641754,98550.3967285,25.0100002289,55.966091156,False
14.9,0.068,-0.171,0.101,0.51975245,0.16671305,12.8859381,5.5,3.31640911102,1.7199999094,-5.21598005295,-57.0924224854,9.34005355835,-11.1406583786,2.67772626877,98551.4343262,25.3099994659,55.966091156,False
15.0,0.014,-0.174,0.117,0.5295591,-0.02941995,12.64077185,5.21999979019,3.31640911102,2.51999998093,-5.21598005295,-57.0924224854,9.4080696106,-11.1929664612,2.46385192871,98553.7475586,25.8299999237,43.4551239014,False
15.100000000000001,0.165,-0.159,0.114,0.5687857,0.4903325,12.552512,5.21999979019,3.31640911102,2.51999998093,-5.21598005295,-57.0924224854,9.51931667328,-11.2426967621,2.11626195908,98560.0585938,25.8299999237,43.4551239014,False
15.200000000000001,0.165,-0.159,0.114,0.5687857,0.4903325,12.552512,5.13000011444,3.31640911102,2.79999995232,-5.21598005295,-57.0924224854,9.58491325378,-11.2764406204,1.80248534679,98560.0585938,26.0399990082,18.2661056519,False
15.3,0.006,-0.139,0.077,0.6668522,0.2745862,12.01314625,4.92000007629,5.36110448837,2.97000002861,-0.223393291235,-59.5847892761,9.67686462402,-11.2969894409,1.49548065662,98565.4663086,26.2199993134,18.2661056519,False
15.4,0.051,-0.113,0.042,0.71588545,0.24516625,12.9251647,4.73000001907,5.36110448837,3.13999986649,-0.223393291235,-59.5847892761,9.71586513519,-11.3107748032,1.32444083691,98570.135498,26.359998703,1.25341415405,False
15.5,0.118,-0.083,0.023,0.65704555,0.30400615,11.5130071,4.5,5.36110448837,3.26999998093,-0.223393291235,-59.5847892761,9.79136943817,-11.3043022156,1.07229912281,98570.6604004,26.4799995422,1.25341415405,False
15.600000000000001,-0.012,-0.071,0.013,0.59820565,0.5099458,11.07170785,4.26999998093,6.51506280899,3.33999991417,1.36823880672,-60.0007820129,9.85708141327,-11.2966499329,0.952565968037,98573.1567383,26.5799999237,-11.1562728882,False
15.700000000000001,-0.042,-0.063,0.005,0.69627215,0.38245935,11.18938765,4.00999975204,6.51506280899,3.47000002861,1.36823880672,-60.0007820129,9.88797187805,-11.2987327576,0.886015295982,98577.3498535,26.6599998474,-11.1562728882,False
15.8,-0.042,-0.063,0.005,0.69627215,0.38245935,11.18938765,3.78999996185,6.51506280899,3.57999992371,1.36823880672,-60.0007820129,9.97651672363,-11.2862997055,0.724393725395,98577.3498535,26.8099994659,-25.8033752441,False
15.9,-0.084,-0.054,-0.026,0.81395195,0.18632635,11.36590735,3.44999980927,6.51506280899,3.73000001907,1.36823880672,-60.0007820129,9.98439979553,-11.2903642654,0.656020283699,98576.5197754,26.8699989319,-24.888420105,False
16.0,0.042,-0.003,-0.026,0.71588545,0.32361945,10.5715687,3.44999980927,6.51506280899,3.73000001907,1.36823880672,-60.0007820129,10.0251569748,-11.282743454,0.555665850639,98574.1699219,26.8699989319,-24.888420105,False
16.1,0.042,-0.003,-0.026,0.71588545,0.32361945,10.5715687,3.29999995232,5.51978302002,3.82999992371,2.5833876133,-59.747428894,10.0694417953,-11.2645330429,0.407220631838,98574.1699219,26.9300003052,-24.888420105,False
16.2,-0.13,-0.053,-0.011,0.8041453,0.36284605,11.32668075,3.17999982834,5.51978302002,3.84999990463,2.5833876133,-59.747428894,10.067325592,-11.2606010437,0.309001713991,98578.5766602,26.9799995422,-22.6356506348,False
16.3,-0.13,-0.053,-0.011,0.8041453,0.36284605,11.32668075,3.15999984741,5.51978302002,3.82999992371,2.5833876133,-59.747428894,10.0679454803,-11.2652492523,0.206931442022,98578.5766602,27.0100002289,-22.6356506348,False
16.400000000000002,-0.132,-0.015,-0.021,0.8825985,0.59820565,10.395049,3.3599998951,5.51978302002,3.78999996185,2.5833876133,-59.747428894,10.0031843185,-11.3155851364,0.109194286168,98576.7028809,27.0299987793,-20.0944900513,False
16.5,-0.033,-0.003,-0.023,0.8433719,0.77472535,10.6892485,3.59999990463,2.62845420837,3.78999996185,3.30177545547,-59.2532157898,9.98718166351,-11.3324041367,0.0549598373473,98579.6081543,27.0499992371,-20.0944900513,False
16.6,-0.033,-0.003,-0.023,0.8433719,0.77472535,10.6892485,3.77999997139,2.62845420837,3.75,3.30177545547,-59.2532157898,9.95694828033,-11.353219986,0.00496673816815,98579.6081543,27.0599994659,-27.3826599121,False
16.7,-0.051,-0.005,-0.037,0.6276256,0.51975245,9.50264385,3.95999979973,2.62845420837,3.69999980927,3.30177545547,-59.2532157898,9.92675304413,-11.3569507599,-0.00983026251197,98579.8950195,27.0599994659,-27.3826599121,False
16.8,-0.046,-0.028,0.001,0.63743225,0.36284605,11.03248125,4.07999992371,1.63122928143,3.72000002861,3.54609203339,-58.6516113281,9.89046955109,-11.3650360107,-0.0348194129765,98577.355957,27.0599994659,-30.0037384033,False
16.900000000000002,0.073,-0.02,0.004,0.63743225,0.3138128,11.7287534,4.23999977112,1.63122928143,3.69999980927,3.54609203339,-58.6516113281,9.83315372467,-11.370932579,-0.163551017642,98579.296875,27.0699996948,-30.0037384033,False
17.0,0.073,-0.02,0.004,0.63743225,0.3138128,11.7287534,4.46999979019,1.63122928143,3.59999990463,3.54609203339,-58.6516113281,9.7809753418,-11.3704662323,-0.304195582867,98579.296875,27.0599994659,-28.6325454712,False
17.1,0.299,0.015,-0.024,0.7060788,0.2549729,10.67944185,4.63000011444,1.63122928143,3.46000003815,3.54609203339,-58.6516113281,9.75358200073,-11.3671751022,-0.36514249444,98576.8676758,27.0499992371,-28.6325454712,False
17.2,0.331,0.011,-0.011,0.69627215,-0.00980665,9.9243298,4.67999982834,1.63122928143,3.3599998951,3.54609203339,-58.6516113281,9.76611232758,-11.3405485153,-0.404479175806,98580.1879883,27.0199985504,-23.2702255249,False
17.3,0.123,-0.006,0.027,0.65704555,0.2745862,9.2378643,4.48999977112,5.42687606812,3.25999999046,3.58023095131,-58.4730377197,9.80524158478,-11.3012695312,-0.327784210443,98575.9521484,26.9799995422,-23.2702255249,False
17.400000000000002,0.026,-0.02,0.011,0.8041453,0.196133,9.7478101,4.26999998093,5.42687606812,3.23000001907,3.58023095131,-58.4730377197,9.84630680084,-11.2731723785,-0.270397335291,98576.3427734,26.9499988556,54.2511940002,False
17.5,-0.05,-0.021,0.005,0.81395195,0.16671305,10.75789505,4.01999998093,5.42687606812,3.21000003815,3.58023095131,-58.4730377197,9.86942577362,-11.2555503845,-0.257615298033,98575.1525879,26.9300003052,54.2511940002,False
17.6,-0.05,-0.021,0.005,0.81395195,0.16671305,10.75789505,3.75999999046,5.42687606812,3.15999984741,3.58023095131,-58.4730377197,9.90669155121,-11.2127103806,-0.343946784735,98575.1525879,26.9099998474,54.6966552734,False
17.7,0.088,-0.014,-0.006,0.7256921,0.42168595,11.42474725,2.97000002861,7.40670490265,2.79999995232,3.87284326553,-58.7205696106,9.96094894409,-11.1654911041,-0.473643928766,98573.059082,26.8499984741,54.7746658325,False
17.8,-0.004,-0.019,0.009,0.81395195,0.3530394,10.99325465,2.97000002861,7.40670490265,2.79999995232,3.87284326553,-58.7205696106,10.0505437851,-11.0872344971,-0.62727689743,98569.3359375,26.8499984741,54.7746658325,False
17.900000000000002,0.008,1.3471114790600001e-18,0.011,0.7649187,0.61781895,8.9436648,2.58999991417,7.40670490265,2.6099998951,3.87284326553,-58.7205696106,10.0653629303,-11.0642642975,-0.633297324181,98569.3359375,26.7999992371,54.7746658325,False
18.0,-0.161,0.023,-0.04,0.6668522,0.55897905,10.1596894,2.37999987602,7.40670490265,2.45000004768,3.87284326553,-58.7205696106,10.0689182281,-11.0540781021,-0.566105127335,98571.270752,26.7299995422,53.1826019287,False
18.1,-0.255,0.037,-0.063,0.7256921,0.6080123,10.3754357,2.27999997139,7.40670490265,2.31999993324,3.87284326553,-58.7205696106,10.089512825,-11.0299921036,-0.575125217438,98571.0632324,26.6700000763,53.1826019287,False
18.2,-0.229,0.068,-0.077,0.71588545,0.3726527,10.395049,2.21000003815,5.81016540527,2.13999986649,3.51554965973,-58.5095443726,10.1113367081,-11.0131406784,-0.644094347954,98571.0632324,26.5999984741,56.681728363,False
18.3,-0.144,0.048,-0.02,0.75511205,0.2941995,9.3947707,2.03999996185,5.81016540527,1.75,3.51554965973,-58.5095443726,10.1214342117,-11.0185079575,-0.604135155678,98564.5446777,26.4699993134,53.6421775818,False
18.400000000000002,-0.116,0.036,0.032,0.67665885,0.4707192,9.2967042,2.03999996185,5.81016540527,1.75,3.51554965973,-58.5095443726,10.1371059418,-11.0108919144,-0.602538466454,98567.4743652,26.4699993134,53.6421775818,False
18.5,-0.158,0.048,0.029,0.7256921,-0.04903325,8.5710121,2.1099998951,2.5665974617,1.62999999523,2.6828854084,-57.7410888672,10.1215171814,-11.0228786469,-0.527207255363,98566.394043,26.4099998474,53.6421775818,False
18.6,0.016,0.032,0.052,0.57859235,0.0392266,8.7083052,2.09999990463,2.5665974617,1.54999995232,2.6828854084,-57.7410888672,10.1085834503,-11.052365303,-0.286023259163,98565.1916504,26.3499984741,57.3435783386,False
18.7,0.015,0.02,0.088,0.5491724,0.30400615,9.44380395,2.18000006676,2.5665974617,1.51999998093,2.6828854084,-57.7410888672,10.1008024216,-11.0620517731,-0.232178971171,98565.1916504,26.3099994659,57.3435783386,False
18.8,-0.022,0.024,0.077,0.6276256,0.3726527,9.83606995,2.42999982834,1.34857404232,1.52999997139,1.81605553627,-58.9676818848,10.055973053,-11.1059389114,-0.149045854807,98563.3239746,26.2799987793,55.1659584045,False
18.900000000000002,0.008,0.019,0.049,0.44129925,0.42168595,10.65982855,2.61999988556,1.34857404232,1.48000001907,1.81605553627,-58.9676818848,10.0291385651,-11.1238193512,-0.227452039719,98565.3747559,26.2600002289,55.1659584045,False
19.0,-0.109,0.023,0.048,0.59820565,0.75511205,10.6107953,3.23000001907,1.34857404232,1.22000002861,1.81605553627,-58.9676818848,9.96914291382,-11.1564683914,-0.31263127923,98565.3625488,26.2099990845,52.1642684937,False
19.1,-0.007,0.012,0.032,0.5687857,0.5099458,10.9246081,3.23000001907,0.148764193058,1.22000002861,1.51314330101,-59.8582611084,9.93120574951,-11.2033691406,-0.393826216459,98562.9882812,26.1800003052,53.9952278137,False
19.200000000000003,0.069,0.028,0.024,0.5099458,0.55897905,10.44408225,3.50999999046,0.148764193058,1.03999996185,1.51314330101,-59.8582611084,9.88328742981,-11.2395591736,-0.489212274551,98562.9882812,26.1800003052,53.9952278137,False
19.3,0.024,0.043,0.036,0.59820565,0.4314926,9.7281968,3.86999988556,0.148764193058,0.870000004768,1.51314330101,-59.8582611084,9.82876491547,-11.2851581573,-0.466304063797,98562.6647949,26.1299991608,53.9952278137,False
19.400000000000002,0.024,0.043,0.036,0.59820565,0.4314926,9.7281968,4.15000009537,0.148764193058,0.729999959469,1.51314330101,-59.8582611084,9.78725624084,-11.3117904663,-0.41306489706,98562.6647949,26.0799999237,57.2220802307,False
19.5,0.221,0.039,0.013,0.50013915,0.53936575,8.8652116,4.38000011444,0.148764193058,0.639999985695,1.51314330101,-59.8582611084,9.76212120056,-11.3377780914,-0.317148685455,98558.6120605,26.0399990082,57.2220802307,False
19.6,-0.149,-0.005,0.013,0.38245935,0.2745862,10.95402805,4.58999967575,2.41412615776,0.589999973774,0.623526394367,-60.3259239197,9.75590515137,-11.3586568832,-0.296215772629,98558.1054688,25.9899997711,55.4281234741,False
19.700000000000003,-0.24,-0.02,0.013,0.5687857,0.196133,11.8856598,4.69999980927,2.41412615776,0.469999998808,0.623526394367,-60.3259239197,9.7379617691,-11.3744029999,-0.386943012476,98558.0078125,25.9599990845,55.4281234741,False
19.8,-0.36,0.042,0.024,0.24516625,0.6472389,8.3552658,4.92999982834,2.41412615776,0.25,0.623526394367,-60.3259239197,9.6905632019,-11.4175224304,-0.463869392872,98558.0078125,25.9200000763,54.9376487732,False
19.900000000000002,-0.104,0.031,-0.013,0.4314926,0.30400615,7.83551335,5.26999998093,-1.82472276688,0.119999997318,0.479396879673,-60.4913787842,9.59249591827,-11.4889755249,-0.232272610068,98559.1125488,25.8699989319,54.9376487732,False
20.0,-0.104,0.031,-0.013,0.4314926,0.30400615,7.83551335,5.73999977112,-1.82472276688,0.119999997318,0.479396879673,-60.4913787842,9.53306007385,-11.5246772766,-0.122633516788,98559.1125488,25.8299999237,57.5747489929,False
20.1,0.302,0.024,-0.056,0.26477955,0.44129925,10.42446895,6.19999980927,-1.82472276688,0.140000000596,0.479396879673,-60.4913787842,9.47578620911,-11.5810728073,-0.136689186096,98556.1828613,25.7999992371,57.5747489929,False
20.200000000000003,0.302,0.024,-0.056,0.26477955,0.44129925,10.42446895,6.48999977112,-1.82472276688,0.0399999991059,0.479396879673,-60.4913787842,9.46401882172,-11.5999126434,-0.171623781323,98556.1828613,25.7899990082,53.1902313232,False
20.3,0.222,0.027,-0.011,0.2353596,0.22555295,9.9635564,6.58999967575,2.1409330368,-0.0399999991059,-0.19957524538,-59.4031105042,9.49829864502,-11.6070098877,-0.182248473167,98556.7077637,25.7699985504,53.1902313232,False
20.400000000000002,0.188,-0.01,0.027,0.30400615,0.06864655,10.4538889,6.52999973297,2.1409330368,-0.109999999404,-0.19957524538,-59.4031105042,9.54387664795,-11.6037521362,-0.168690145016,98554.8156738,25.75,54.1651725769,False
20.5,0.118,5.388445916250001e-18,0.044,0.26477955,0.588399,9.8458766,6.27999973297,5.25738334656,-0.209999993443,-0.434414923191,-59.406917572,9.59477043152,-11.5957603455,-0.171350166202,98554.7607422,25.7299995422,54.1651725769,False
20.6,0.118,5.388445916250001e-18,0.044,0.26477955,0.588399,9.8458766,6.10999965668,5.25738334656,-0.289999991655,-0.434414923191,-59.406917572,9.62659549713,-11.5846443176,-0.173749387264,98554.7607422,25.7099990845,48.8865852356,False
20.700000000000003,-0.078,-1.2246467991500002e-18,-0.01,0.1765197,0.65704555,9.18883105,5.98000001907,5.25738334656,-0.370000004768,-0.434414923191,-59.406917572,9.66134262085,-11.5916395187,-0.125004932284,98557.0678711,25.6899986267,48.8865852356,False
20.8,0.011,0.005,-0.055,0.20593965,0.32361945,9.71839015,5.81999969482,5.25738334656,-0.42999997735,-0.434414923191,-59.406917572,9.67649078369,-11.5890960693,-0.0222338419408,98557.0678711,25.6599998474,49.4766235352,False
20.900000000000002,0.011,0.007,-0.067,0.2745862,0.18632635,9.3751574,5.71000003815,5.89660072327,-0.42999997735,-0.518102228642,-59.558265686,9.71362495422,-11.5681743622,0.0155272250995,98555.1940918,25.6499996185,49.4766235352,False
21.0,0.038,0.008,-0.047,0.2549729,0.40207265,9.40457735,5.53999996185,5.89660072327,-0.439999997616,-0.518102228642,-59.558265686,9.77035617828,-11.545592308,0.103477396071,98555.1940918,25.6399993896,46.9191551208,False
21.1,0.008,0.001,-0.023,0.06864655,0.24516625,9.79684335,5.2999997139,5.89660072327,-0.419999986887,-0.518102228642,-59.558265686,9.82178878784,-11.5272483826,0.123396374285,98553.2775879,25.6499996185,46.9191551208,False
21.200000000000003,0.008,0.001,-0.023,0.06864655,0.24516625,9.79684335,5.00999975204,5.89660072327,-0.409999996424,-0.518102228642,-59.558265686,9.84588813782,-11.5046205521,0.187492519617,98553.2775879,25.6599998474,41.724395752,False
21.3,-0.036,0.005,-0.019,0.10787315,0.44129925,9.2967042,4.75,5.89660072327,-0.389999985695,-0.518102228642,-59.558265686,9.89283275604,-11.4882965088,0.17767752707,98554.0771484,25.6700000763,41.724395752,False
21.400000000000002,-0.062,0.025,-0.052,0.04903325,0.2941995,8.7867584,4.56999969482,6.18656873703,-0.389999985695,-0.894372940063,-58.409538269,9.92711353302,-11.4669904709,0.296914041042,98553.3935547,25.6800003052,38.3360862732,False
21.5,-0.198,-0.008,-0.059,0.0196133,0.8433719,11.0815145,4.40999984741,6.18656873703,-0.299999982119,-0.894372940063,-58.409538269,9.94300270081,-11.4596719742,0.222863197327,98553.3935547,25.7199993134,38.6241912842,False
21.6,-0.158,-0.004,-0.09,0.16671305,0.71588545,11.4345539,4.40999984741,6.18656873703,-0.299999982119,-0.894372940063,-58.409538269,9.94704818726,-11.460773468,0.106924682856,98556.3659668,25.7199993134,38.6241912842,False
21.700000000000003,0.301,0.036,-0.131,-0.0980665,0.4118793,9.0417313,4.38000011444,6.18656873703,-0.449999988079,-0.894372940063,-58.409538269,9.95433330536,-11.4658527374,0.0537655800581,98556.3659668,25.7299995422,38.6241912842,False
21.8,0.114,0.018,-0.093,0.0392266,-0.0196133,8.62004535,4.2999997139,4.14394044876,-0.509999990463,-1.05952966213,-56.8463516235,9.97639942169,-11.4493112564,0.177808389068,98558.5388184,25.7299995422,36.5163803101,False
21.900000000000002,0.051,0.019,-0.04,0.2353596,0.1176798,9.4732239,4.09999990463,4.14394044876,-0.379999995232,-1.05952966213,-56.8463516235,10.0375642776,-11.4277296066,0.342040330172,98558.5388184,25.7399997711,36.5163803101,False
22.0,0.067,-0.034,0.046,0.0980665,0.18632635,11.8268199,3.75,4.14394044876,-0.310000002384,-1.05952966213,-56.8463516235,10.1574478149,-11.3761482239,0.154173761606,98553.7658691,25.7600002289,31.0360908508,False
22.1,0.007,-0.028,0.087,0.1176798,0.18632635,10.7284751,3.26999998093,4.14394044876,-0.42999997735,-1.05952966213,-56.8463516235,10.2466344833,-11.3137207031,0.0141076194122,98557.1533203,25.7699985504,31.0360908508,False
22.200000000000003,0.022,-0.036,0.096,0.04903325,0.46091255,10.36562905,2.71000003815,4.14394044876,-0.560000002384,-1.05952966213,-56.8463516235,10.300778389,-11.2820587158,-0.013763487339,98557.1533203,25.7799987793,37.0889663696,False
22.3,0.022,-0.036,0.096,0.04903325,0.46091255,10.36562905,2.33999991417,6.8460111618,-0.639999985695,-0.801964640617,-56.8221244812,10.3256387711,-11.2546796799,-0.0559793747962,98557.1533203,25.7699985504,37.0889663696,False
22.400000000000002,-0.188,3.3065463577000003e-18,0.027,0.04903325,0.9218251,10.1793027,2.14999985695,6.8460111618,-0.799999952316,-0.801964640617,-56.8221244812,10.3351478577,-11.2358179092,-0.0550145842135,98555.6091309,25.7399997711,28.7887573242,False
22.5,-0.087,0.014,-0.064,-0.02941995,0.4118793,9.05153795,2.06999993324,6.8460111618,-0.819999992847,-0.801964640617,-56.8221244812,10.3396339417,-11.225402832,-0.024787787348,98553.729248,25.7199993134,27.7310371399,False
22.6,-0.117,0.027,-0.051,-0.12748645,0.12748645,7.8845466,2.06999993324,6.8460111618,-0.819999992847,-0.801964640617,-56.8221244812,10.3568840027,-11.2150287628,0.184560567141,98553.6987305,25.7299995422,27.7310371399,False
22.700000000000003,-0.044,-0.008,-0.052,-0.16671305,0.2745862,9.67916355,1.95999991894,3.88201618195,-0.689999997616,-0.997176587582,-56.2740516663,10.3593702316,-11.1903295517,0.310222148895,98553.729248,25.7299995422,27.7310371399,False
22.8,0.088,-0.015,-0.037,-0.1569064,0.04903325,10.1596894,1.84999990463,3.88201618195,-0.629999995232,-0.997176587582,-56.2740516663,10.370426178,-11.1748056412,0.33353844285,98553.729248,25.7399997711,30.3077697754,False
22.900000000000002,0.088,-0.015,-0.037,-0.1569064,0.04903325,10.1596894,1.67999994755,3.88201618195,-0.589999973774,-0.997176587582,-56.2740516663,10.3838195801,-11.1507406235,0.407993495464,98553.729248,25.8099994659,33.3585739136,False
23.0,-0.085,-0.027,-0.006,-0.28439285,0.32361945,7.60015375,1.54999995232,4.243496418,-0.359999984503,-1.06374967098,-55.6042671204,10.3710260391,-11.1023921967,0.754019975662,98558.203125,25.8099994659,33.3585739136,False
23.1,-0.179,-0.064,-0.012,-0.2353596,0.08825985,10.36562905,1.52999997139,4.243496418,-0.0799999982119,-1.06374967098,-55.6042671204,10.3681535721,-11.0666685104,0.82092154026,98558.1359863,25.9599990845,36.1134529114,False
23.200000000000003,-0.04,-0.057,0.016,-0.04903325,-0.02941995,10.99325465,1.36000001431,4.243496418,0.0999999940395,-1.06374967098,-55.6042671204,10.3795938492,-11.0339727402,0.75503051281,98557.8674316,25.9599990845,36.1134529114,False
23.3,0.004,-0.036,0.064,0.04903325,0.12748645,10.24794925,1.19999992847,4.243496418,0.219999998808,-1.06374967098,-55.6042671204,10.3714971542,-11.01998806,0.719906687737,98562.6281738,26.0399990082,36.1134529114,False
23.400000000000002,-0.137,-0.044,0.043,0.1176798,0.02941995,11.22861425,1.12000000477,2.78995037079,0.340000003576,-0.279607146978,-55.661945343,10.3607149124,-10.9950237274,0.660702764988,98562.6281738,26.109998703,41.4228439331,False
23.5,-0.029,-0.021,0.05,-0.04903325,0.34323275,9.99297635,1.12999999523,2.78995037079,0.439999997616,-0.279607146978,-55.661945343,10.3587579727,-10.9757194519,0.57528591156,98561.8347168,26.1800003052,41.4228439331,False
23.6,-0.201,-0.081,0.07,0.26477955,0.3530394,12.9055514,1.05999994278,2.78995037079,0.5,-0.279607146978,-55.661945343,10.3178577423,-10.9843292236,0.509264230728,98561.8347168,26.2399997711,44.4966316223,False
23.700000000000003,-0.191,-0.031,0.025,0.10787315,0.91201845,12.38579895,1.26999998093,0.753353118896,0.509999990463,0.461206167936,-56.6812438965,10.2078304291,-11.0116081238,0.149914205074,98559.4970703,26.2999992371,44.4966316223,False
23.8,-0.091,-0.011,-0.038,-0.0784532,0.38245935,11.34629405,1.75,0.753353118896,0.340000003576,0.461206167936,-56.6812438965,10.1318435669,-11.0324478149,0.0225691795349,98565.1306152,26.3199996948,47.9435920715,False
23.900000000000002,-0.041,-0.005,-0.041,0.0980665,0.6276256,10.1204628,2.11999988556,0.753353118896,0.199999988079,0.461206167936,-56.6812438965,10.0082359314,-11.0596065521,-0.0540472343564,98564.2089844,26.3199996948,47.9435920715,False
24.0,-0.016,0.005,-0.062,0.00980665,0.04903325,9.414384,2.65999984741,-1.37284755707,0.0999999940395,0.805958151817,-56.5480422974,9.95369052887,-11.0699462891,-0.00368777127005,98564.2089844,26.2999992371,55.1853179932,False
24.1,-0.016,0.005,-0.062,0.00980665,0.04903325,9.414384,2.92999982834,-1.37284755707,0.0799999982119,0.805958151817,-56.5480422974,9.90579319,-11.0751619339,0.0733637586236,98564.2089844,26.2799987793,68.7951049805,False
24.200000000000003,0.029,-0.041,-0.003,-0.08825985,-0.10787315,9.7478101,3.21000003815,-1.37284755707,0.170000001788,0.805958151817,-56.5480422974,9.82157611847,-11.0583944321,0.223428204656,98565.5822754,26.2799987793,68.7951049805,False
24.3,0.029,-0.041,-0.003,-0.08825985,-0.10787315,9.7478101,3.39999985695,-1.37284755707,0.229999989271,0.805958151817,-56.5480422974,9.78169250488,-11.0544462204,0.271344035864,98565.5822754,26.2999992371,68.7951049805,False
24.400000000000002,-0.385,-0.073,0.057,0.30400615,0.6080123,11.2580342,3.65999984741,-1.86501181126,0.340000003576,1.45957374573,-56.3026657104,9.64123344421,-11.0723266602,0.271387577057,98565.1123047,26.3199996948,78.2372436523,False
24.5,-0.248,-0.07,0.045,0.26477955,0.6276256,13.5135637,4.94999980927,-1.86501181126,0.149999991059,1.45957374573,-56.3026657104,9.4093208313,-11.1540985107,-0.0935222804546,98564.7888184,26.359998703,86.1513137817,False
24.6,0.063,-0.038,0.009,0.42168595,0.36284605,13.8469898,5.88999986649,-1.86501181126,-0.140000000596,1.45957374573,-56.3026657104,9.29793262482,-11.1943254471,-0.290698558092,98561.9262695,26.3400001526,86.1513137817,False
24.700000000000003,0.063,-0.038,0.009,0.42168595,0.36284605,13.8469898,5.88999986649,-1.86501181126,-0.140000000596,1.45957374573,-56.3026657104,9.09275627136,-11.2528629303,-0.61782169342,98561.9262695,26.3400001526,86.1513137817,False
24.8,0.307,0.002,-0.038,0.2745862,0.1765197,11.77778665,6.67999982834,-1.86501181126,-0.489999979734,1.45957374573,-56.3026657104,8.99374294281,-11.2720813751,-0.722505390644,98563.494873,26.2899990082,92.5477981567,False
24.900000000000002,0.188,0.013,-0.025,0.2157463,0.67665885,10.85596155,7.14999961853,-2.13099884987,-0.799999952316,2.19578170776,-56.5628242493,8.86267662048,-11.2891254425,-0.837521731853,98564.1357422,26.2099990845,92.5477981567,False
25.0,0.113,0.017,-0.028,0.20593965,0.8825985,10.983448,7.63999986649,-2.13099884987,-1.12000000477,2.19578170776,-56.5628242493,8.76433181763,-11.2930545807,-1.03732478619,98562.2924805,26.109998703,100.503250122,False
25.1,0.104,0.053,-0.069,0.22555295,0.32361945,9.3751574,8.01000022888,-2.13099884987,-1.53999996185,2.19578170776,-56.5628242493,8.70640945435,-11.2993879318,-1.00755012035,98561.706543,26.0,100.503250122,False
25.200000000000003,0.215,0.042,-0.101,0.06864655,-0.04903325,10.2185293,8.25,1.11331439018,-1.82999992371,1.79927074909,-55.8886795044,8.6651763916,-11.2699947357,-0.96076375246,98559.3933105,25.8799991608,114.664077759,False
25.3,0.312,0.036,-0.004,0.28439285,0.0196133,10.18910935,8.27999973297,1.11331439018,-2.06999993324,1.79927074909,-55.8886795044,8.67082691193,-11.2269477844,-0.968587756157,98554.8400879,25.7699985504,114.664077759,False
25.400000000000002,0.26,0.048,0.051,0.0392266,1.16013533267e-15,9.4732239,8.01000022888,1.11331439018,-2.38999986649,1.79927074909,-55.8886795044,8.72911262512,-11.1419115067,-1.00384700298,98554.8400879,25.6599998474,113.452720642,False
25.5,-0.117,0.058,0.118,0.02941995,0.28439285,8.6102387,7.59999990463,1.11331439018,-2.70000004768,1.79927074909,-55.8886795044,8.76885700226,-11.0732307434,-0.934910655022,98554.1625977,25.5499992371,113.452720642,False
25.6,-0.124,0.071,0.116,0.2157463,0.2353596,8.56120545,7.21000003815,5.44861936569,-2.95000004768,0.721722304821,-56.2374839783,8.80237960815,-11.0283899307,-0.815651059151,98553.0029297,25.4399986267,122.63269043,False
25.700000000000003,0.012,0.077,0.095,0.1372931,0.196133,8.48275225,6.92999982834,5.44861936569,-3.13999986649,0.721722304821,-56.2374839783,8.81768798828,-10.9973812103,-0.714061081409,98553.6987305,25.3500003815,122.63269043,False
25.8,-0.014,0.059,0.084,0.2157463,0.46091255,8.24739265,6.73999977112,5.44861936569,-3.28999996185,0.721722304821,-56.2374839783,8.82252407074,-10.9826059341,-0.565767765045,98547.5585938,25.2600002289,134.481994629,False
25.900000000000002,-0.014,0.059,0.084,0.2157463,0.46091255,8.24739265,6.63999986649,5.44861936569,-3.40999984741,0.721722304821,-56.2374839783,8.82629394531,-10.9816627502,-0.399710714817,98547.5585938,25.1899986267,134.481994629,False
26.0,0.377,0.132,-0.006,0.22555295,0.980665,7.1196279,6.71999979019,5.44861936569,-3.4399998188,0.721722304821,-56.2374839783,8.80380821228,-11.0110578537,-0.214240461588,98550.5981445,25.1399993896,131.733123779,False
26.1,0.298,0.153,-0.111,0.0196133,0.93163175,5.81534345,6.8799996376,6.69395017624,-3.39999985695,-1.40091347694,-58.5706329346,8.78533267975,-11.0359249115,0.135470822453,98545.1782227,25.109998703,131.733123779,False
26.200000000000003,0.163,0.127,-0.17,0.0,0.77472535,6.8450417,7.05999994278,6.69395017624,-3.1899998188,-1.40091347694,-58.5706329346,8.77903938293,-11.051112175,0.504376590252,98547.2412109,25.109998703,133.40234375,False
26.3,0.163,0.127,-0.17,0.0,0.77472535,6.8450417,7.03999996185,6.69395017624,-2.89999985695,-1.40091347694,-58.5706329346,8.80874156952,-11.0543832779,0.757746577263,98547.2412109,25.1499996185,133.40234375,False
