ad,arizalar
carbonZ_2018-07-18-12-10-11_no_ground_truth,
carbonZ_2018-07-18-15-53-31_1_engine_failure,engines=116.259452995
carbonZ_2018-07-18-15-53-31_2_engine_failure,engines=73.411350583
carbonZ_2018-07-18-16-22-01_engine_failure_with_emr_traj,engines=116.625454823
carbonZ_2018-07-18-16-37-39_1_no_failure,
carbonZ_2018-07-18-16-37-39_2_engine_failure_with_emr_traj,engines=114.064235454
carbonZ_2018-07-30-16-29-45_engine_failure_with_emr_traj,engines=123.149404864
carbonZ_2018-07-30-16-39-00_1_engine_failure,engines=116.791322880
carbonZ_2018-07-30-16-39-00_2_engine_failure,engines=91.571710368
carbonZ_2018-07-30-16-39-00_3_no_failure,
carbonZ_2018-07-30-17-10-45_engine_failure_with_emr_traj,engines=117.171553389
carbonZ_2018-07-30-17-20-01_engine_failure_with_emr_traj,engines=87.611947804
carbonZ_2018-07-30-17-36-35_engine_failure_with_emr_traj,engines=133.429641672
carbonZ_2018-07-30-17-46-31_engine_failure_with_emr_traj,engines=90.359904806
carbonZ_2018-09-11-11-56-30_engine_failure,engines=103.573197344
carbonZ_2018-09-11-14-16-55_no_failure,
carbonZ_2018-09-11-14-22-07_1_engine_failure,engines=104.853546819
carbonZ_2018-09-11-14-22-07_2_engine_failure,engines=49.862161307
carbonZ_2018-09-11-14-41-38_no_failure,
carbonZ_2018-09-11-14-41-51_elevator_failure,elevator=117.832390752
carbonZ_2018-09-11-14-52-54_left_aileron__right_aileron__failure,aileron=105.251376800
carbonZ_2018-09-11-15-05-11_1_elevator_failure,elevator=63.475664960
carbonZ_2018-09-11-15-05-11_2_no_failure,
carbonZ_2018-09-11-15-06-34_1_rudder_right_failure,rudder=55.515122816
carbonZ_2018-09-11-15-06-34_2_rudder_right_failure,rudder=51.973649056
carbonZ_2018-09-11-15-06-34_3_rudder_left_failure,rudder=60.018093952
carbonZ_2018-09-11-17-27-13_1_rudder_zero__left_aileron_failure,aileron=116.320645163;rudder=116.324268292
carbonZ_2018-09-11-17-27-13_2_both_ailerons_failure,aileron=65.770876847
carbonZ_2018-09-11-17-55-30_1_right_aileron_failure,aileron=111.921515579
carbonZ_2018-09-11-17-55-30_2_left_aileron_failure,aileron=49.979869972
carbonZ_2018-10-05-14-34-20_1_no_failure,
carbonZ_2018-10-05-14-34-20_2_right_aileron_failure_with_emr_traj,aileron=152.198874368
carbonZ_2018-10-05-14-37-22_1_no_failure,
carbonZ_2018-10-05-14-37-22_2_right_aileron_failure,aileron=73.379281088
carbonZ_2018-10-05-14-37-22_3_left_aileron_failure,aileron=72.401082976
carbonZ_2018-10-05-15-52-12_1_no_failure,
carbonZ_2018-10-05-15-52-12_2_no_failure,
carbonZ_2018-10-05-15-52-12_3_engine_failure_with_emr_traj,engines=49.133243488
carbonZ_2018-10-05-15-55-10_engine_failure_with_emr_traj,engines=100.110324512
carbonZ_2018-10-05-16-04-46_engine_failure_with_emr_traj,engines=76.194796928
carbonZ_2018-10-18-11-03-57_engine_failure_with_emr_traj,engines=104.245856224
carbonZ_2018-10-18-11-04-00_engine_failure_with_emr_traj,engines=111.164799840
carbonZ_2018-10-18-11-04-08_1_engine_failure_with_emr_traj,engines=100.360061600
carbonZ_2018-10-18-11-04-08_2_engine_failure_with_emr_traj,engines=98.224229024
carbonZ_2018-10-18-11-04-35_engine_failure_with_emr_traj,engines=101.302086848
carbonZ_2018-10-18-11-06-06_engine_failure_with_emr_traj,engines=102.517300832
carbonZ_2018-10-18-11-08-24_no_failure,
